state,enrolments_sum,mom_growth,anomaly_score,cluster
Delhi,135999.25,0.0904123863003834,0.46171406600408704,2
Karnataka,168849.16666666666,0.21820532833510098,0.4598276016744182,2
Maharashtra,264859.6666666667,0.08416697876106448,0.44482584740067804,0
Tamil Nadu,207526.25,-0.0012175808842557303,0.4216808234784237,1
Uttar Pradesh,356117.4166666667,-0.0016731030768899582,0.46804910875473316,0
West Bengal,148361.41666666666,-0.002519168859505962,0.42800352369051303,1
