state,anomaly_count,anomaly_frequency,max_anomaly_score,count_risk,freq_risk,severity_risk,risk_score,risk_level
Delhi,2,0.16666666666666666,0.7109085438700995,1.0,0.16666666666666666,0.9918159211410856,0.6642114430089923,HIGH
Karnataka,2,0.16666666666666666,0.6977441326448264,1.0,0.16666666666666666,0.9734497434403714,0.658701589698778,HIGH
Uttar Pradesh,2,0.16666666666666666,0.5473287294460157,1.0,0.16666666666666666,0.763599414640981,0.5957464910589609,HIGH
Maharashtra,1,0.08333333333333333,0.7167746844113958,0.5,0.08333333333333333,1.0,0.4833333333333333,MEDIUM
West Bengal,1,0.08333333333333333,0.5414513833552814,0.5,0.08333333333333333,0.7553997024879762,0.40995324407972616,MEDIUM
Tamil Nadu,0,0.0,0.4893086746907762,0.0,0.0,0.6826533990839658,0.20479601972518974,LOW
