state,enrolments_sum,mom_growth,anomaly_score,cluster
Delhi,136401.66666666666,0.09395519015762326,0.4483324980260191,2
Karnataka,168779.66666666666,0.19390956632178574,0.46202775119906053,2
Maharashtra,264510.5,0.08325850258302774,0.44114140247535555,0
Tamil Nadu,206603.16666666666,-0.0011681359735424936,0.40956975520504385,1
Uttar Pradesh,355589.5,-0.0020067255349515045,0.47556585348706454,0
West Bengal,148698.25,-0.00036440490810609534,0.432556365297327,1
