state,anomaly_count,anomaly_frequency,max_anomaly_score,count_risk,freq_risk,severity_risk,risk_score,risk_level
Uttar Pradesh,3,0.25,0.6216481258620927,1.0,0.25,0.8470298017270581,0.6541089405181175,HIGH
Karnataka,2,0.16666666666666666,0.710155419356806,0.6666666666666666,0.16666666666666666,0.9676258626518145,0.556954425462211,HIGH
Delhi,2,0.16666666666666666,0.6743354385545386,0.6666666666666666,0.16666666666666666,0.9188191664283911,0.542312416595184,HIGH
Maharashtra,1,0.08333333333333333,0.7339152938829051,0.3333333333333333,0.08333333333333333,1.0,0.43333333333333335,MEDIUM
West Bengal,0,0.0,0.4896028080461655,0.0,0.0,0.6671107853003548,0.20013323559010646,LOW
Tamil Nadu,0,0.0,0.46899691484738615,0.0,0.0,0.6390341211804939,0.19171023635414816,LOW
